sub	pe	trt	te	tr	nslices	serial
sub-10159	j-	0.088318	0.0926	7.0	50	35343
sub-10189	j-	0.088318	0.0926	7.0	50	35343
sub-10193	j-	0.088318	0.0926	7.0	50	35343
sub-10227	j-	0.088318	0.0926	7.0	50	35343
sub-10235	j-	0.088318	0.0926	7.0	50	35343
sub-10249	j-	0.088318	0.0926	7.0	50	35343
sub-10269	j-	0.088318	0.0926	7.0	50	35343
sub-10271	j-	0.088318	0.0926	7.0	50	35343
sub-10274	j-	0.088318	0.0926	7.0	50	35343
sub-10290	j-	0.088318	0.0926	7.0	50	35343
sub-10292	j-	0.088318	0.0926	7.0	50	35343
sub-10316	j-	0.088318	0.0926	7.0	50	35343
sub-10321	j-	0.088318	0.0926	8.4	60	35343
sub-10325	j-	0.088318	0.0926	8.4	60	35343
sub-10339	j-	0.088318	0.0926	8.4	60	35343
sub-10340	j-	0.088318	0.0926	8.4	60	35343
sub-10345	j-	0.088318	0.0926	8.4	60	35343
sub-10388	j-	0.088318	0.0926	8.4	60	35343
sub-10438	j-	0.088318	0.0926	8.4	60	35343
sub-10440	j-	0.088318	0.0926	8.4	60	35343
sub-10448	j-	0.088318	0.0926	8.4	60	35343
sub-10455	j-	0.088318	0.0926	8.4	60	35343
sub-10460	j-	0.088318	0.0926	8.4	60	35343
sub-10487	j-	0.088318	0.0926	8.4	60	35343
sub-10524	j-	0.088318	0.0926	8.4	60	35343
sub-10530	j-	0.088318	0.0926	8.4	60	35343
sub-10575	j-	0.088318	0.0926	8.4	60	35343
sub-10697	j-	0.088318	0.0926	8.4	60	35343
sub-10704	j-	0.088318	0.0926	8.4	60	35343
sub-10746	j-	0.088318	0.0926	8.4	60	35343
sub-10779	j-	0.088318	0.0926	8.4	60	35343
sub-10855	j-	0.088318	0.0926	8.4	60	35343
sub-10871	j-	0.088318	0.0926	8.4	60	35343
sub-10877	j-	0.088318	0.0926	8.4	60	35343
sub-10882	j-	0.088318	0.0926	8.4	60	35343
sub-10912	j-	0.088318	0.0926	8.4	60	35343
sub-10934	j-	0.088318	0.0926	8.4	60	35343
sub-10975	j-	0.088318	0.0926	8.4	60	35343
sub-11030	j-	0.088318	0.0926	8.4	60	35343
sub-11044	j-	0.088318	0.0926	8.4	60	35343
sub-11050	j-	0.088318	0.0926	8.4	60	35343
sub-11062	j-	0.088318	0.093	9.0	60	35426
sub-11066	j-	0.088318	0.093	9.0	60	35426
sub-11068	j-	0.088318	0.093	9.0	60	35426
sub-11097	j-	0.088318	0.093	9.0	60	35426
sub-11098	j-	0.088318	0.093	9.0	60	35426
sub-11112	j-	0.088318	0.093	9.0	60	35426
sub-11131	j-	0.088318	0.093	9.0	60	35426
sub-11149	j-	0.088318	0.093	9.0	60	35426
sub-50004	j-	0.088318	0.0926	8.4	60	35343
sub-50005	j-	0.088318	0.0926	7.0	50	35343
sub-50006	j-	0.088318	0.0926	8.4	60	35343
sub-50007	j-	0.088318	0.0926	8.4	60	35343
sub-50008	j-	0.088318	0.0926	8.4	60	35343
sub-50010	j-	0.088318	0.0926	8.4	60	35343
sub-50013	j-	0.088318	0.0926	8.4	60	35343
sub-50014	j-	0.088318	0.0926	8.4	60	35343
sub-50015	j-	0.088318	0.0926	8.4	60	35343
sub-50016	j-	0.088318	0.0926	8.4	60	35343
sub-50020	j-	0.088318	0.0926	8.4	60	35343
sub-50021	j-	0.088318	0.0926	8.4	60	35343
sub-50022	j-	0.088318	0.0926	8.4	60	35343
sub-50023	j-	0.088318	0.0926	8.4	60	35343
sub-50025	j-	0.088318	0.0926	8.4	60	35343
sub-50027	j-	0.088318	0.0926	8.4	60	35343
sub-50029	j-	0.088318	0.0926	8.4	60	35343
sub-50032	j-	0.088318	0.0926	8.4	60	35343
sub-50033	j-	0.088318	0.0926	8.4	60	35343
sub-50034	j-	0.088318	0.0926	8.4	60	35343
sub-50035	j-	0.088318	0.0926	8.4	60	35343
sub-50036	j-	0.088318	0.0926	8.4	60	35343
sub-50038	j-	0.088318	0.0926	8.4	60	35343
sub-50043	j-	0.088318	0.0926	8.4	60	35343
sub-50047	j-	0.088318	0.093	9.0	60	35426
sub-50048	j-	0.088318	0.093	9.0	60	35426
sub-50049	j-	0.088318	0.093	9.0	60	35426
sub-50050	j-	0.088318	0.093	9.0	60	35426
sub-50051	j-	0.088318	0.093	9.0	60	35426
sub-50052	j-	0.088318	0.093	9.0	60	35426
sub-50053	j-	0.088318	0.093	9.0	60	35426
sub-50054	j-	0.088318	0.093	9.0	60	35426
sub-50055	j-	0.088318	0.093	9.0	60	35426
sub-50056	j-	0.088318	0.093	9.0	60	35426
sub-50058	j-	0.088318	0.093	9.0	60	35426
sub-50059	j-	0.088318	0.093	9.0	60	35426
sub-50060	j-	0.088318	0.093	9.0	60	35426
sub-50061	j-	0.088318	0.093	9.0	60	35426
sub-50064	j-	0.088318	0.093	9.0	60	35426
sub-50066	j-	0.088318	0.093	9.0	60	35426
sub-50067	j-	0.088318	0.093	9.0	60	35426
sub-50069	j-	0.088318	0.093	9.0	60	35426
sub-50075	j-	0.088318	0.093	9.0	60	35426
sub-50076	j-	0.088318	0.093	9.0	60	35426
sub-50077	j-	0.088318	0.093	9.0	60	35426
sub-50080	j-	0.088318	0.093	9.0	60	35426
sub-50081	j-	0.088318	0.093	9.0	60	35426
sub-50083	j-	0.088318	0.093	9.0	60	35426
sub-50085	j-	0.088318	0.0926	8.4	60	35343
