participant_id	diagnosis	age	gender	bart	bht	dwi	pamenc	pamret	rest	scap	stopsignal	T1w	taskswitch	ScannerSerialNumber	ghost_NoGhost	sub	pe	trt	te	tr	nslices	serial	protocol
sub-10159	CONTROL	30	F	1.0		1.0			1.0	1.0	1.0	1.0	1.0	35343.0	No_ghost	sub-10159	j-	0.088318	0.0926	7.0	50	35343	35343_tr7.0_sl50
sub-10189	CONTROL	49	M	1.0		1.0			1.0	1.0	1.0	1.0	1.0	35343.0	No_ghost	sub-10189	j-	0.088318	0.0926	7.0	50	35343	35343_tr7.0_sl50
sub-10193	CONTROL	40	M	1.0		1.0						1.0		35343.0	No_ghost	sub-10193	j-	0.088318	0.0926	7.0	50	35343	35343_tr7.0_sl50
sub-10227	CONTROL	31	F	1.0		1.0			1.0	1.0	1.0	1.0	1.0	35343.0	No_ghost	sub-10227	j-	0.088318	0.0926	7.0	50	35343	35343_tr7.0_sl50
sub-10235	CONTROL	22	M	1.0		1.0			1.0	1.0	1.0	1.0	1.0	35343.0	No_ghost	sub-10235	j-	0.088318	0.0926	7.0	50	35343	35343_tr7.0_sl50
sub-10249	CONTROL	28	M	1.0	1.0	1.0			1.0	1.0	1.0	1.0	1.0	35343.0	No_ghost	sub-10249	j-	0.088318	0.0926	7.0	50	35343	35343_tr7.0_sl50
sub-10269	CONTROL	38	M	1.0		1.0			1.0	1.0	1.0	1.0	1.0	35343.0	No_ghost	sub-10269	j-	0.088318	0.0926	7.0	50	35343	35343_tr7.0_sl50
sub-10271	CONTROL	41	F	1.0	1.0	1.0			1.0	1.0	1.0	1.0	1.0	35343.0	No_ghost	sub-10271	j-	0.088318	0.0926	7.0	50	35343	35343_tr7.0_sl50
sub-10274	CONTROL	43	M	1.0		1.0			1.0	1.0	1.0	1.0	1.0	35343.0	No_ghost	sub-10274	j-	0.088318	0.0926	7.0	50	35343	35343_tr7.0_sl50
sub-10290	CONTROL	48	M	1.0	1.0	1.0			1.0	1.0	1.0	1.0	1.0	35343.0	No_ghost	sub-10290	j-	0.088318	0.0926	7.0	50	35343	35343_tr7.0_sl50
sub-10292	CONTROL	49	M	1.0	1.0	1.0			1.0	1.0	1.0	1.0	1.0	35343.0	No_ghost	sub-10292	j-	0.088318	0.0926	7.0	50	35343	35343_tr7.0_sl50
sub-10316	CONTROL	29	M	1.0	1.0	1.0			1.0	1.0	1.0	1.0	1.0	35343.0	ghost	sub-10316	j-	0.088318	0.0926	7.0	50	35343	35343_tr7.0_sl50
sub-10321	CONTROL	34	M	1.0	1.0	1.0			1.0	1.0	1.0	1.0		35343.0	No_ghost	sub-10321	j-	0.088318	0.0926	8.4	60	35343	35343_tr8.4_sl60
sub-10325	CONTROL	29	F	1.0	1.0	1.0			1.0	1.0	1.0	1.0	1.0	35343.0	No_ghost	sub-10325	j-	0.088318	0.0926	8.4	60	35343	35343_tr8.4_sl60
sub-10339	CONTROL	45	F	1.0	1.0	1.0			1.0	1.0	1.0	1.0	1.0	35343.0	No_ghost	sub-10339	j-	0.088318	0.0926	8.4	60	35343	35343_tr8.4_sl60
sub-10340	CONTROL	32	M	1.0	1.0	1.0			1.0	1.0	1.0	1.0	1.0	35343.0	No_ghost	sub-10340	j-	0.088318	0.0926	8.4	60	35343	35343_tr8.4_sl60
sub-10345	CONTROL	25	M		1.0	1.0			1.0	1.0	1.0	1.0	1.0	35343.0	No_ghost	sub-10345	j-	0.088318	0.0926	8.4	60	35343	35343_tr8.4_sl60
sub-10388	CONTROL	50	F	1.0	1.0	1.0			1.0	1.0	1.0	1.0	1.0	35343.0	No_ghost	sub-10388	j-	0.088318	0.0926	8.4	60	35343	35343_tr8.4_sl60
sub-10438	CONTROL	25	M	1.0	1.0	1.0			1.0	1.0	1.0	1.0	1.0	35343.0	No_ghost	sub-10438	j-	0.088318	0.0926	8.4	60	35343	35343_tr8.4_sl60
sub-10440	CONTROL	26	F	1.0	1.0	1.0			1.0	1.0	1.0	1.0	1.0	35343.0	No_ghost	sub-10440	j-	0.088318	0.0926	8.4	60	35343	35343_tr8.4_sl60
sub-10448	CONTROL	37	M	1.0	1.0	1.0			1.0	1.0	1.0	1.0	1.0	35343.0	No_ghost	sub-10448	j-	0.088318	0.0926	8.4	60	35343	35343_tr8.4_sl60
sub-10455	CONTROL	25	M	1.0	1.0	1.0			1.0	1.0	1.0	1.0	1.0	35343.0	No_ghost	sub-10455	j-	0.088318	0.0926	8.4	60	35343	35343_tr8.4_sl60
sub-10460	CONTROL	40	M	1.0	1.0	1.0			1.0	1.0	1.0	1.0	1.0	35343.0	ghost	sub-10460	j-	0.088318	0.0926	8.4	60	35343	35343_tr8.4_sl60
sub-10487	CONTROL	31	M	1.0	1.0	1.0			1.0	1.0	1.0	1.0	1.0	35343.0	No_ghost	sub-10487	j-	0.088318	0.0926	8.4	60	35343	35343_tr8.4_sl60
sub-10524	CONTROL	46	F	1.0	1.0	1.0	1.0	1.0	1.0	1.0	1.0	1.0	1.0	35343.0	No_ghost	sub-10524	j-	0.088318	0.0926	8.4	60	35343	35343_tr8.4_sl60
sub-10530	CONTROL	23	M	1.0	1.0	1.0	1.0	1.0	1.0	1.0	1.0	1.0	1.0	35343.0	ghost	sub-10530	j-	0.088318	0.0926	8.4	60	35343	35343_tr8.4_sl60
sub-10575	CONTROL	23	M	1.0	1.0	1.0	1.0	1.0	1.0	1.0	1.0	1.0	1.0	35343.0	No_ghost	sub-10575	j-	0.088318	0.0926	8.4	60	35343	35343_tr8.4_sl60
sub-10697	CONTROL	39	M	1.0	1.0	1.0	1.0	1.0	1.0	1.0	1.0	1.0	1.0	35343.0	No_ghost	sub-10697	j-	0.088318	0.0926	8.4	60	35343	35343_tr8.4_sl60
sub-10704	CONTROL	32	M	1.0	1.0	1.0	1.0	1.0	1.0	1.0	1.0	1.0	1.0	35343.0	No_ghost	sub-10704	j-	0.088318	0.0926	8.4	60	35343	35343_tr8.4_sl60
sub-10746	CONTROL	23	M	1.0	1.0	1.0	1.0	1.0	1.0	1.0	1.0	1.0	1.0	35343.0	No_ghost	sub-10746	j-	0.088318	0.0926	8.4	60	35343	35343_tr8.4_sl60
sub-10779	CONTROL	38	M	1.0	1.0	1.0	1.0	1.0	1.0	1.0	1.0	1.0	1.0	35343.0	No_ghost	sub-10779	j-	0.088318	0.0926	8.4	60	35343	35343_tr8.4_sl60
sub-10855	CONTROL	47	M	1.0	1.0	1.0	1.0	1.0	1.0	1.0	1.0	1.0	1.0	35343.0	No_ghost	sub-10855	j-	0.088318	0.0926	8.4	60	35343	35343_tr8.4_sl60
sub-10871	CONTROL	41	M	1.0	1.0	1.0	1.0	1.0	1.0	1.0	1.0	1.0	1.0	35343.0	No_ghost	sub-10871	j-	0.088318	0.0926	8.4	60	35343	35343_tr8.4_sl60
sub-10877	CONTROL	23	M	1.0	1.0	1.0	1.0	1.0	1.0	1.0	1.0	1.0	1.0	35343.0	No_ghost	sub-10877	j-	0.088318	0.0926	8.4	60	35343	35343_tr8.4_sl60
sub-10882	CONTROL	23	M	1.0	1.0	1.0	1.0	1.0	1.0	1.0	1.0	1.0	1.0	35343.0	No_ghost	sub-10882	j-	0.088318	0.0926	8.4	60	35343	35343_tr8.4_sl60
sub-10912	CONTROL	44	F	1.0	1.0	1.0	1.0	1.0	1.0	1.0	1.0	1.0	1.0	35343.0	No_ghost	sub-10912	j-	0.088318	0.0926	8.4	60	35343	35343_tr8.4_sl60
sub-10934	CONTROL	37	F	1.0	1.0	1.0	1.0	1.0	1.0	1.0	1.0	1.0	1.0	35343.0	No_ghost	sub-10934	j-	0.088318	0.0926	8.4	60	35343	35343_tr8.4_sl60
sub-10975	CONTROL	32	M	1.0	1.0	1.0	1.0	1.0	1.0	1.0	1.0	1.0	1.0	35343.0	No_ghost	sub-10975	j-	0.088318	0.0926	8.4	60	35343	35343_tr8.4_sl60
sub-11030	CONTROL	40	M	1.0	1.0	1.0	1.0	1.0	1.0	1.0	1.0	1.0	1.0	35343.0	No_ghost	sub-11030	j-	0.088318	0.0926	8.4	60	35343	35343_tr8.4_sl60
sub-11044	CONTROL	40	M	1.0	1.0	1.0	1.0	1.0	1.0	1.0	1.0	1.0	1.0	35343.0	No_ghost	sub-11044	j-	0.088318	0.0926	8.4	60	35343	35343_tr8.4_sl60
sub-11050	CONTROL	48	M	1.0	1.0	1.0	1.0	1.0	1.0	1.0	1.0	1.0	1.0	35343.0	ghost	sub-11050	j-	0.088318	0.0926	8.4	60	35343	35343_tr8.4_sl60
sub-11062	CONTROL	49	F	1.0	1.0	1.0	1.0	1.0	1.0	1.0	1.0	1.0	1.0	35426.0	No_ghost	sub-11062	j-	0.088318	0.093	9.0	60	35426	35426_tr9.0_sl60
sub-11066	CONTROL	37	M	1.0	1.0	1.0	1.0	1.0	1.0	1.0	1.0	1.0	1.0	35426.0	No_ghost	sub-11066	j-	0.088318	0.093	9.0	60	35426	35426_tr9.0_sl60
sub-11068	CONTROL	39	M	1.0	1.0	1.0	1.0	1.0	1.0	1.0	1.0	1.0	1.0	35426.0	No_ghost	sub-11068	j-	0.088318	0.093	9.0	60	35426	35426_tr9.0_sl60
sub-11097	CONTROL	43	M	1.0	1.0	1.0	1.0	1.0	1.0	1.0	1.0	1.0	1.0	35426.0	No_ghost	sub-11097	j-	0.088318	0.093	9.0	60	35426	35426_tr9.0_sl60
sub-11098	CONTROL	39	M	1.0	1.0	1.0	1.0	1.0	1.0	1.0	1.0	1.0	1.0	35426.0	ghost	sub-11098	j-	0.088318	0.093	9.0	60	35426	35426_tr9.0_sl60
sub-11112	CONTROL	29	M	1.0	1.0	1.0	1.0	1.0	1.0	1.0	1.0	1.0	1.0	35426.0	No_ghost	sub-11112	j-	0.088318	0.093	9.0	60	35426	35426_tr9.0_sl60
sub-11131	CONTROL	38	F	1.0	1.0	1.0	1.0	1.0	1.0	1.0	1.0	1.0	1.0	35426.0	No_ghost	sub-11131	j-	0.088318	0.093	9.0	60	35426	35426_tr9.0_sl60
sub-11149	CONTROL	32	M	1.0	1.0	1.0	1.0	1.0	1.0	1.0	1.0	1.0	1.0	35426.0	ghost	sub-11149	j-	0.088318	0.093	9.0	60	35426	35426_tr9.0_sl60
sub-50004	SCHZ	37	M	1.0	1.0	1.0	1.0	1.0	1.0	1.0	1.0	1.0	1.0	35343.0	ghost	sub-50004	j-	0.088318	0.0926	8.4	60	35343	35343_tr8.4_sl60
sub-50005	SCHZ	40	M	1.0	1.0	1.0			1.0	1.0	1.0	1.0	1.0	35343.0	ghost	sub-50005	j-	0.088318	0.0926	7.0	50	35343	35343_tr7.0_sl50
sub-50006	SCHZ	44	F	1.0	1.0	1.0			1.0	1.0	1.0	1.0	1.0	35343.0	No_ghost	sub-50006	j-	0.088318	0.0926	8.4	60	35343	35343_tr8.4_sl60
sub-50007	SCHZ	47	F	1.0	1.0	1.0			1.0	1.0	1.0	1.0	1.0	35343.0	No_ghost	sub-50007	j-	0.088318	0.0926	8.4	60	35343	35343_tr8.4_sl60
sub-50008	SCHZ	48	M	1.0	1.0	1.0			1.0	1.0	1.0	1.0	1.0	35343.0	ghost	sub-50008	j-	0.088318	0.0926	8.4	60	35343	35343_tr8.4_sl60
sub-50010	SCHZ	41	M	1.0	1.0	1.0			1.0	1.0	1.0	1.0	1.0	35343.0	No_ghost	sub-50010	j-	0.088318	0.0926	8.4	60	35343	35343_tr8.4_sl60
sub-50013	SCHZ	30	M	1.0	1.0	1.0	1.0	1.0	1.0	1.0	1.0	1.0	1.0	35343.0	No_ghost	sub-50013	j-	0.088318	0.0926	8.4	60	35343	35343_tr8.4_sl60
sub-50014	SCHZ	22	M	1.0	1.0	1.0	1.0	1.0	1.0	1.0	1.0	1.0	1.0	35343.0	No_ghost	sub-50014	j-	0.088318	0.0926	8.4	60	35343	35343_tr8.4_sl60
sub-50015	SCHZ	23	M	1.0	1.0	1.0	1.0	1.0	1.0	1.0	1.0	1.0	1.0	35343.0	No_ghost	sub-50015	j-	0.088318	0.0926	8.4	60	35343	35343_tr8.4_sl60
sub-50016	SCHZ	49	M	1.0	1.0	1.0	1.0	1.0	1.0	1.0	1.0	1.0	1.0	35343.0	No_ghost	sub-50016	j-	0.088318	0.0926	8.4	60	35343	35343_tr8.4_sl60
sub-50020	SCHZ	25	M	1.0	1.0	1.0	1.0	1.0	1.0	1.0	1.0	1.0	1.0	35343.0	ghost	sub-50020	j-	0.088318	0.0926	8.4	60	35343	35343_tr8.4_sl60
sub-50021	SCHZ	41	F	1.0	1.0	1.0	1.0	1.0	1.0	1.0	1.0	1.0	1.0	35343.0	No_ghost	sub-50021	j-	0.088318	0.0926	8.4	60	35343	35343_tr8.4_sl60
sub-50022	SCHZ	33	M	1.0	1.0	1.0	1.0	1.0	1.0	1.0	1.0	1.0	1.0	35343.0	ghost	sub-50022	j-	0.088318	0.0926	8.4	60	35343	35343_tr8.4_sl60
sub-50023	SCHZ	49	F	1.0	1.0	1.0	1.0	1.0	1.0	1.0	1.0	1.0	1.0	35343.0	No_ghost	sub-50023	j-	0.088318	0.0926	8.4	60	35343	35343_tr8.4_sl60
sub-50025	SCHZ	48	M	1.0	1.0	1.0	1.0	1.0	1.0	1.0	1.0	1.0	1.0	35343.0	No_ghost	sub-50025	j-	0.088318	0.0926	8.4	60	35343	35343_tr8.4_sl60
sub-50027	SCHZ	30	F	1.0	1.0	1.0	1.0	1.0	1.0	1.0	1.0	1.0	1.0	35343.0	ghost	sub-50027	j-	0.088318	0.0926	8.4	60	35343	35343_tr8.4_sl60
sub-50029	SCHZ	49	F	1.0	1.0	1.0	1.0	1.0	1.0	1.0	1.0	1.0	1.0	35343.0	ghost	sub-50029	j-	0.088318	0.0926	8.4	60	35343	35343_tr8.4_sl60
sub-50032	SCHZ	28	M		1.0	1.0	1.0	1.0	1.0	1.0	1.0	1.0	1.0	35343.0	ghost	sub-50032	j-	0.088318	0.0926	8.4	60	35343	35343_tr8.4_sl60
sub-50033	SCHZ	43	M	1.0	1.0	1.0	1.0	1.0	1.0	1.0	1.0	1.0	1.0	35343.0	ghost	sub-50033	j-	0.088318	0.0926	8.4	60	35343	35343_tr8.4_sl60
sub-50034	SCHZ	43	M	1.0	1.0	1.0	1.0	1.0	1.0	1.0	1.0	1.0	1.0	35343.0	ghost	sub-50034	j-	0.088318	0.0926	8.4	60	35343	35343_tr8.4_sl60
sub-50035	SCHZ	29	F	1.0	1.0	1.0	1.0	1.0	1.0	1.0	1.0	1.0	1.0	35343.0	No_ghost	sub-50035	j-	0.088318	0.0926	8.4	60	35343	35343_tr8.4_sl60
sub-50036	SCHZ	32	M	1.0	1.0	1.0	1.0	1.0	1.0	1.0	1.0	1.0	1.0	35343.0	ghost	sub-50036	j-	0.088318	0.0926	8.4	60	35343	35343_tr8.4_sl60
sub-50038	SCHZ	26	F	1.0	1.0	1.0	1.0	1.0	1.0	1.0	1.0	1.0	1.0	35343.0	ghost	sub-50038	j-	0.088318	0.0926	8.4	60	35343	35343_tr8.4_sl60
sub-50043	SCHZ	40	M	1.0	1.0	1.0	1.0	1.0	1.0	1.0	1.0	1.0	1.0	35343.0	ghost	sub-50043	j-	0.088318	0.0926	8.4	60	35343	35343_tr8.4_sl60
sub-50047	SCHZ	44	M	1.0	1.0	1.0	1.0	1.0	1.0	1.0	1.0	1.0	1.0	35426.0	No_ghost	sub-50047	j-	0.088318	0.093	9.0	60	35426	35426_tr9.0_sl60
sub-50048	SCHZ	43	M	1.0	1.0	1.0	1.0	1.0	1.0	1.0	1.0	1.0	1.0	35426.0	No_ghost	sub-50048	j-	0.088318	0.093	9.0	60	35426	35426_tr9.0_sl60
sub-50049	SCHZ	37	F	1.0	1.0	1.0	1.0	1.0	1.0	1.0	1.0	1.0	1.0	35426.0	ghost	sub-50049	j-	0.088318	0.093	9.0	60	35426	35426_tr9.0_sl60
sub-50050	SCHZ	23	M	1.0	1.0	1.0	1.0	1.0	1.0	1.0	1.0	1.0	1.0	35426.0	No_ghost	sub-50050	j-	0.088318	0.093	9.0	60	35426	35426_tr9.0_sl60
sub-50051	SCHZ	37	M	1.0	1.0	1.0	1.0	1.0	1.0	1.0	1.0	1.0	1.0	35426.0	ghost	sub-50051	j-	0.088318	0.093	9.0	60	35426	35426_tr9.0_sl60
sub-50052	SCHZ	45	M	1.0	1.0	1.0	1.0	1.0	1.0	1.0	1.0	1.0	1.0	35426.0	No_ghost	sub-50052	j-	0.088318	0.093	9.0	60	35426	35426_tr9.0_sl60
sub-50053	SCHZ	47	M	1.0	1.0	1.0	1.0	1.0	1.0	1.0	1.0	1.0	1.0	35426.0	ghost	sub-50053	j-	0.088318	0.093	9.0	60	35426	35426_tr9.0_sl60
sub-50054	SCHZ	23	M	1.0	1.0	1.0	1.0	1.0	1.0	1.0	1.0	1.0	1.0	35426.0	ghost	sub-50054	j-	0.088318	0.093	9.0	60	35426	35426_tr9.0_sl60
sub-50055	SCHZ	23	M	1.0	1.0	1.0	1.0	1.0	1.0	1.0	1.0	1.0	1.0	35426.0	ghost	sub-50055	j-	0.088318	0.093	9.0	60	35426	35426_tr9.0_sl60
sub-50056	SCHZ	49	F	1.0	1.0	1.0	1.0	1.0	1.0	1.0	1.0	1.0	1.0	35426.0	No_ghost	sub-50056	j-	0.088318	0.093	9.0	60	35426	35426_tr9.0_sl60
sub-50058	SCHZ	38	F	1.0	1.0	1.0	1.0	1.0	1.0	1.0	1.0	1.0	1.0	35426.0	No_ghost	sub-50058	j-	0.088318	0.093	9.0	60	35426	35426_tr9.0_sl60
sub-50059	SCHZ	39	M	1.0	1.0	1.0	1.0	1.0	1.0	1.0	1.0	1.0	1.0	35426.0	No_ghost	sub-50059	j-	0.088318	0.093	9.0	60	35426	35426_tr9.0_sl60
sub-50060	SCHZ	41	M	1.0	1.0	1.0	1.0	1.0	1.0	1.0	1.0	1.0	1.0	35426.0	ghost	sub-50060	j-	0.088318	0.093	9.0	60	35426	35426_tr9.0_sl60
sub-50061	SCHZ	48	M	1.0	1.0	1.0	1.0	1.0	1.0	1.0	1.0	1.0	1.0	35426.0	No_ghost	sub-50061	j-	0.088318	0.093	9.0	60	35426	35426_tr9.0_sl60
sub-50064	SCHZ	31	F	1.0	1.0	1.0	1.0	1.0	1.0	1.0	1.0	1.0	1.0	35426.0	No_ghost	sub-50064	j-	0.088318	0.093	9.0	60	35426	35426_tr9.0_sl60
sub-50066	SCHZ	33	M	1.0	1.0	1.0	1.0	1.0	1.0	1.0	1.0	1.0	1.0	35426.0	No_ghost	sub-50066	j-	0.088318	0.093	9.0	60	35426	35426_tr9.0_sl60
sub-50067	SCHZ	25	M	1.0	1.0	1.0	1.0	1.0	1.0	1.0	1.0	1.0	1.0	35426.0	No_ghost	sub-50067	j-	0.088318	0.093	9.0	60	35426	35426_tr9.0_sl60
sub-50069	SCHZ	23	M	1.0	1.0	1.0	1.0	1.0	1.0	1.0	1.0	1.0	1.0	35426.0	No_ghost	sub-50069	j-	0.088318	0.093	9.0	60	35426	35426_tr9.0_sl60
sub-50075	SCHZ	33	M	1.0	1.0	1.0	1.0	1.0	1.0	1.0	1.0	1.0	1.0	35426.0	No_ghost	sub-50075	j-	0.088318	0.093	9.0	60	35426	35426_tr9.0_sl60
sub-50076	SCHZ	42	M	1.0	1.0	1.0	1.0	1.0	1.0	1.0	1.0	1.0	1.0	35426.0	No_ghost	sub-50076	j-	0.088318	0.093	9.0	60	35426	35426_tr9.0_sl60
sub-50077	SCHZ	29	M	1.0	1.0	1.0	1.0	1.0	1.0	1.0	1.0	1.0	1.0	35426.0	No_ghost	sub-50077	j-	0.088318	0.093	9.0	60	35426	35426_tr9.0_sl60
sub-50080	SCHZ	29	M	1.0	1.0	1.0	1.0	1.0	1.0	1.0	1.0	1.0	1.0	35426.0	No_ghost	sub-50080	j-	0.088318	0.093	9.0	60	35426	35426_tr9.0_sl60
sub-50081	SCHZ	32	M	1.0	1.0	1.0	1.0	1.0	1.0	1.0	1.0	1.0	1.0	35426.0	No_ghost	sub-50081	j-	0.088318	0.093	9.0	60	35426	35426_tr9.0_sl60
sub-50083	SCHZ	40	M	1.0	1.0	1.0	1.0	1.0	1.0	1.0	1.0	1.0	1.0	35426.0	No_ghost	sub-50083	j-	0.088318	0.093	9.0	60	35426	35426_tr9.0_sl60
sub-50085	SCHZ	25	M	1.0	1.0	1.0	1.0	1.0	1.0	1.0	1.0	1.0	1.0	35343.0	ghost	sub-50085	j-	0.088318	0.0926	8.4	60	35343	35343_tr8.4_sl60
