participant_id	diagnosis	age	gender	bart	bht	dwi	pamenc	pamret	rest	scap	stopsignal	T1w	taskswitch	ScannerSerialNumber	ghost_NoGhost	protocol
sub-10159	CONTROL	30	F	1.0		1.0			1.0	1.0	1.0	1.0	1.0	35343.0	No_ghost	35343_tr7_sl50
sub-10171	CONTROL	24	M	1.0	1.0	1.0			1.0	1.0	1.0	1.0	1.0	35343.0	No_ghost	35343_tr7_sl50
sub-10189	CONTROL	49	M	1.0		1.0			1.0	1.0	1.0	1.0	1.0	35343.0	No_ghost	35343_tr7_sl50
sub-10193	CONTROL	40	M	1.0		1.0						1.0		35343.0	No_ghost	35343_tr7_sl50
sub-10206	CONTROL	21	M	1.0		1.0			1.0	1.0	1.0	1.0	1.0	35343.0	No_ghost	35343_tr7_sl50
sub-10217	CONTROL	33	F	1.0		1.0			1.0	1.0	1.0	1.0	1.0	35343.0	No_ghost	35343_tr7_sl50
sub-10225	CONTROL	35	M	1.0	1.0	1.0			1.0	1.0	1.0	1.0	1.0	35343.0	No_ghost	35343_tr7_sl50
sub-10227	CONTROL	31	F	1.0		1.0			1.0	1.0	1.0	1.0	1.0	35343.0	No_ghost	35343_tr7_sl50
sub-10228	CONTROL	40	F	1.0	1.0	1.0			1.0	1.0	1.0	1.0	1.0	35343.0	No_ghost	35343_tr7_sl50
sub-10235	CONTROL	22	M	1.0		1.0			1.0	1.0	1.0	1.0	1.0	35343.0	No_ghost	35343_tr7_sl50
sub-10249	CONTROL	28	M	1.0	1.0	1.0			1.0	1.0	1.0	1.0	1.0	35343.0	No_ghost	35343_tr7_sl50
sub-10269	CONTROL	38	M	1.0		1.0			1.0	1.0	1.0	1.0	1.0	35343.0	No_ghost	35343_tr7_sl50
sub-10271	CONTROL	41	F	1.0	1.0	1.0			1.0	1.0	1.0	1.0	1.0	35343.0	No_ghost	35343_tr7_sl50
sub-10273	CONTROL	30	F	1.0	1.0	1.0			1.0	1.0	1.0	1.0	1.0	35343.0	No_ghost	35343_tr7_sl50
sub-10274	CONTROL	43	M	1.0		1.0			1.0	1.0	1.0	1.0	1.0	35343.0	No_ghost	35343_tr7_sl50
sub-10280	CONTROL	27	M	1.0	1.0	1.0			1.0	1.0	1.0	1.0	1.0	35343.0	No_ghost	35343_tr7_sl50
sub-10290	CONTROL	48	M	1.0	1.0	1.0			1.0	1.0	1.0	1.0	1.0	35343.0	No_ghost	35343_tr7_sl50
sub-10292	CONTROL	49	M	1.0	1.0	1.0			1.0	1.0	1.0	1.0	1.0	35343.0	No_ghost	35343_tr7_sl50
sub-10304	CONTROL	23	F	1.0	1.0	1.0			1.0	1.0	1.0	1.0	1.0	35343.0	No_ghost	35343_tr7_sl50
sub-10316	CONTROL	29	M	1.0	1.0	1.0			1.0	1.0	1.0	1.0	1.0	35343.0	ghost	35343_tr7_sl50
sub-10321	CONTROL	34	M	1.0	1.0	1.0			1.0	1.0	1.0	1.0		35343.0	No_ghost	35343_tr8.4_sl60
sub-10325	CONTROL	29	F	1.0	1.0	1.0			1.0	1.0	1.0	1.0	1.0	35343.0	No_ghost	35343_tr8.4_sl60
sub-10329	CONTROL	22	M	1.0	1.0	1.0			1.0	1.0	1.0	1.0	1.0	35343.0	No_ghost	35343_tr8.4_sl60
sub-10339	CONTROL	45	F	1.0	1.0	1.0			1.0	1.0	1.0	1.0	1.0	35343.0	No_ghost	35343_tr8.4_sl60
sub-10340	CONTROL	32	M	1.0	1.0	1.0			1.0	1.0	1.0	1.0	1.0	35343.0	No_ghost	35343_tr8.4_sl60
sub-10345	CONTROL	25	M		1.0	1.0			1.0	1.0	1.0	1.0	1.0	35343.0	No_ghost	35343_tr8.4_sl60
sub-10347	CONTROL	25	F	1.0	1.0	1.0			1.0	1.0	1.0	1.0	1.0	35343.0	No_ghost	35343_tr8.4_sl60
sub-10356	CONTROL	43	F	1.0	1.0	1.0			1.0	1.0	1.0	1.0	1.0	35343.0	No_ghost	35343_tr8.4_sl60
sub-10361	CONTROL	42	F	1.0	1.0	1.0			1.0	1.0	1.0	1.0	1.0	35343.0	No_ghost	35343_tr8.4_sl60
sub-10365	CONTROL	24	F	1.0	1.0	1.0			1.0	1.0	1.0	1.0	1.0	35343.0	No_ghost	35343_tr8.4_sl60
sub-10376	CONTROL	42	F	1.0	1.0	1.0			1.0	1.0	1.0	1.0	1.0	35343.0	No_ghost	35343_tr8.4_sl60
sub-10377	CONTROL	49	M	1.0	1.0	1.0			1.0	1.0	1.0	1.0	1.0	35343.0	No_ghost	35343_tr8.4_sl60
sub-10388	CONTROL	50	F	1.0	1.0	1.0			1.0	1.0	1.0	1.0	1.0	35343.0	No_ghost	35343_tr8.4_sl60
sub-10429	CONTROL	36	F	1.0	1.0	1.0			1.0	1.0	1.0	1.0	1.0	35343.0	No_ghost	35343_tr8.4_sl60
sub-10438	CONTROL	25	M	1.0	1.0	1.0			1.0	1.0	1.0	1.0	1.0	35343.0	No_ghost	35343_tr8.4_sl60
sub-10440	CONTROL	26	F	1.0	1.0	1.0			1.0	1.0	1.0	1.0	1.0	35343.0	No_ghost	35343_tr8.4_sl60
sub-10448	CONTROL	37	M	1.0	1.0	1.0			1.0	1.0	1.0	1.0	1.0	35343.0	No_ghost	35343_tr8.4_sl60
sub-10455	CONTROL	25	M	1.0	1.0	1.0			1.0	1.0	1.0	1.0	1.0	35343.0	No_ghost	35343_tr8.4_sl60
sub-10460	CONTROL	40	M	1.0	1.0	1.0			1.0	1.0	1.0	1.0	1.0	35343.0	ghost	35343_tr8.4_sl60
sub-10471	CONTROL	30	F	1.0	1.0	1.0			1.0	1.0	1.0	1.0	1.0	35343.0	No_ghost	35343_tr8.4_sl60
sub-10478	CONTROL	21	F	1.0	1.0	1.0			1.0	1.0	1.0	1.0	1.0	35343.0	No_ghost	35343_tr8.4_sl60
sub-10487	CONTROL	31	M	1.0	1.0	1.0			1.0	1.0	1.0	1.0	1.0	35343.0	No_ghost	35343_tr8.4_sl60
sub-10492	CONTROL	22	F	1.0	1.0	1.0			1.0	1.0	1.0	1.0	1.0	35343.0	No_ghost	35343_tr8.4_sl60
sub-10506	CONTROL	25	M	1.0	1.0	1.0	1.0	1.0	1.0	1.0	1.0	1.0	1.0	35343.0	ghost	35343_tr8.4_sl60
sub-10517	CONTROL	21	F	1.0	1.0	1.0	1.0	1.0	1.0	1.0	1.0	1.0	1.0	35343.0	No_ghost	35343_tr8.4_sl60
sub-10523	CONTROL	24	M	1.0	1.0	1.0	1.0	1.0	1.0	1.0	1.0	1.0	1.0	35343.0	No_ghost	35343_tr8.4_sl60
sub-10524	CONTROL	46	F	1.0	1.0	1.0	1.0	1.0	1.0	1.0	1.0	1.0	1.0	35343.0	No_ghost	35343_tr8.4_sl60
sub-10525	CONTROL	24	M	1.0	1.0	1.0	1.0	1.0	1.0	1.0	1.0	1.0	1.0	35343.0	No_ghost	35343_tr8.4_sl60
sub-10527	CONTROL	24	M	1.0	1.0	1.0	1.0	1.0	1.0	1.0	1.0	1.0	1.0	35343.0	No_ghost	35343_tr8.4_sl60
sub-10530	CONTROL	23	M	1.0	1.0	1.0	1.0	1.0	1.0	1.0	1.0	1.0	1.0	35343.0	ghost	35343_tr8.4_sl60
sub-10557	CONTROL	26	M	1.0	1.0	1.0	1.0	1.0	1.0	1.0	1.0	1.0	1.0	35343.0	No_ghost	35343_tr8.4_sl60
sub-10565	CONTROL	25	F	1.0	1.0	1.0	1.0	1.0	1.0	1.0	1.0	1.0	1.0	35343.0	No_ghost	35343_tr8.4_sl60
sub-10570	CONTROL	32	F	1.0	1.0	1.0	1.0	1.0	1.0	1.0	1.0	1.0	1.0	35343.0	No_ghost	35343_tr8.4_sl60
sub-10575	CONTROL	23	M	1.0	1.0	1.0	1.0	1.0	1.0	1.0	1.0	1.0	1.0	35343.0	No_ghost	35343_tr8.4_sl60
sub-10624	CONTROL	28	M	1.0	1.0	1.0	1.0	1.0	1.0	1.0	1.0	1.0	1.0	35343.0	ghost	35343_tr8.4_sl60
sub-10629	CONTROL	31	M	1.0	1.0	1.0	1.0	1.0	1.0	1.0	1.0	1.0	1.0	35343.0	No_ghost	35343_tr8.4_sl60
sub-10631	CONTROL	21	F	1.0	1.0	1.0	1.0	1.0	1.0	1.0	1.0	1.0	1.0	35343.0	No_ghost	35343_tr8.4_sl60
sub-10638	CONTROL	25	F	1.0	1.0	1.0	1.0	1.0	1.0	1.0	1.0	1.0	1.0	35343.0	No_ghost	35343_tr8.4_sl60
sub-10674	CONTROL	42	F	1.0	1.0	1.0	1.0	1.0	1.0	1.0	1.0	1.0	1.0	35343.0	No_ghost	35343_tr8.4_sl60
sub-10678	CONTROL	24	F	1.0	1.0	1.0	1.0	1.0	1.0	1.0	1.0	1.0	1.0	35343.0	No_ghost	35343_tr8.4_sl60
sub-10680	CONTROL	22	F	1.0	1.0	1.0	1.0	1.0	1.0	1.0	1.0	1.0	1.0	35343.0	No_ghost	35343_tr8.4_sl60
sub-10686	CONTROL	26	F	1.0	1.0	1.0	1.0	1.0	1.0	1.0	1.0	1.0	1.0	35343.0	No_ghost	35343_tr8.4_sl60
sub-10692	CONTROL	28	F	1.0	1.0	1.0	1.0	1.0	1.0	1.0	1.0	1.0	1.0	35343.0	No_ghost	35343_tr8.4_sl60
sub-10696	CONTROL	25	F	1.0	1.0	1.0	1.0	1.0	1.0	1.0		1.0	1.0	35343.0	ghost	35343_tr8.4_sl60
sub-10697	CONTROL	39	M	1.0	1.0	1.0	1.0	1.0	1.0	1.0	1.0	1.0	1.0	35343.0	No_ghost	35343_tr8.4_sl60
sub-10704	CONTROL	32	M	1.0	1.0	1.0	1.0	1.0	1.0	1.0	1.0	1.0	1.0	35343.0	No_ghost	35343_tr8.4_sl60
sub-10707	CONTROL	28	M	1.0	1.0	1.0	1.0	1.0	1.0	1.0	1.0	1.0	1.0	35343.0	No_ghost	35343_tr8.4_sl60
sub-10708	CONTROL	25	M	1.0	1.0	1.0	1.0	1.0	1.0	1.0	1.0	1.0	1.0	35343.0	No_ghost	35343_tr8.4_sl60
sub-10719	CONTROL	23	F	1.0	1.0	1.0	1.0	1.0	1.0	1.0	1.0	1.0	1.0	35343.0	No_ghost	35343_tr8.4_sl60
sub-10724	CONTROL	22	F	1.0	1.0	1.0	1.0	1.0	1.0	1.0	1.0	1.0	1.0	35343.0	No_ghost	35343_tr8.4_sl60
sub-10746	CONTROL	23	M	1.0	1.0	1.0	1.0	1.0	1.0	1.0	1.0	1.0	1.0	35343.0	No_ghost	35343_tr8.4_sl60
sub-10762	CONTROL	41	F	1.0	1.0	1.0	1.0	1.0	1.0	1.0	1.0	1.0	1.0	35343.0	No_ghost	35343_tr8.4_sl60
sub-10779	CONTROL	38	M	1.0	1.0	1.0	1.0	1.0	1.0	1.0	1.0	1.0	1.0	35343.0	No_ghost	35343_tr8.4_sl60
sub-10785	CONTROL	36	F	1.0	1.0	1.0	1.0	1.0	1.0	1.0	1.0	1.0	1.0	35343.0	No_ghost	35343_tr8.4_sl60
sub-10788	CONTROL	35	F	1.0	1.0	1.0	1.0	1.0	1.0	1.0	1.0	1.0	1.0	35343.0	No_ghost	35343_tr8.4_sl60
sub-10844	CONTROL	26	M	1.0	1.0	1.0	1.0	1.0	1.0	1.0	1.0	1.0	1.0	35343.0	No_ghost	35343_tr8.4_sl60
sub-10855	CONTROL	47	M	1.0	1.0	1.0	1.0	1.0	1.0	1.0	1.0	1.0	1.0	35343.0	No_ghost	35343_tr8.4_sl60
sub-10871	CONTROL	41	M	1.0	1.0	1.0	1.0	1.0	1.0	1.0	1.0	1.0	1.0	35343.0	No_ghost	35343_tr8.4_sl60
sub-10877	CONTROL	23	M	1.0	1.0	1.0	1.0	1.0	1.0	1.0	1.0	1.0	1.0	35343.0	No_ghost	35343_tr8.4_sl60
sub-10882	CONTROL	23	M	1.0	1.0	1.0	1.0	1.0	1.0	1.0	1.0	1.0	1.0	35343.0	No_ghost	35343_tr8.4_sl60
sub-10891	CONTROL	21	F	1.0	1.0	1.0	1.0	1.0	1.0	1.0	1.0	1.0	1.0	35343.0	ghost	35343_tr8.4_sl60
sub-10893	CONTROL	25	F	1.0	1.0	1.0	1.0	1.0	1.0	1.0	1.0	1.0	1.0	35343.0	No_ghost	35343_tr8.4_sl60
sub-10912	CONTROL	44	F	1.0	1.0	1.0	1.0	1.0	1.0	1.0	1.0	1.0	1.0	35343.0	No_ghost	35343_tr8.4_sl60
sub-10934	CONTROL	37	F	1.0	1.0	1.0	1.0	1.0	1.0	1.0	1.0	1.0	1.0	35343.0	No_ghost	35343_tr8.4_sl60
sub-10940	CONTROL	25	M	1.0	1.0	1.0	1.0	1.0	1.0	1.0	1.0	1.0	1.0	35343.0	No_ghost	35343_tr8.4_sl60
sub-10948	CONTROL	22	F	1.0		1.0	1.0	1.0				1.0		35343.0	ghost	35343_tr8.4_sl60
sub-10949	CONTROL	27	M	1.0	1.0	1.0	1.0	1.0	1.0	1.0	1.0	1.0	1.0	35343.0	No_ghost	35343_tr8.4_sl60
sub-10958	CONTROL	30	F	1.0	1.0	1.0	1.0	1.0	1.0	1.0	1.0	1.0	1.0	35343.0	No_ghost	35343_tr8.4_sl60
sub-10963	CONTROL	45	F	1.0	1.0	1.0	1.0	1.0	1.0	1.0	1.0	1.0	1.0	35343.0	No_ghost	35343_tr8.4_sl60
sub-10968	CONTROL	24	M	1.0	1.0	1.0	1.0	1.0	1.0	1.0	1.0	1.0	1.0	35343.0	ghost	35343_tr8.4_sl60
sub-10975	CONTROL	32	M	1.0	1.0	1.0	1.0	1.0	1.0	1.0	1.0	1.0	1.0	35343.0	No_ghost	35343_tr8.4_sl60
sub-10977	CONTROL	47	M	1.0	1.0	1.0	1.0	1.0	1.0	1.0	1.0	1.0	1.0	35343.0	ghost	35343_tr8.4_sl60
sub-10987	CONTROL	26	F	1.0	1.0	1.0	1.0	1.0	1.0	1.0	1.0	1.0	1.0	35343.0	No_ghost	35343_tr8.4_sl60
sub-10998	CONTROL	49	M	1.0	1.0	1.0	1.0	1.0	1.0	1.0	1.0	1.0	1.0	35343.0	No_ghost	35343_tr8.4_sl60
sub-11019	CONTROL	47	M	1.0	1.0	1.0	1.0	1.0	1.0	1.0	1.0	1.0	1.0	35343.0	No_ghost	35343_tr8.4_sl60
sub-11030	CONTROL	40	M	1.0	1.0	1.0	1.0	1.0	1.0	1.0	1.0	1.0	1.0	35343.0	No_ghost	35343_tr8.4_sl60
sub-11044	CONTROL	40	M	1.0	1.0	1.0	1.0	1.0	1.0	1.0	1.0	1.0	1.0	35343.0	No_ghost	35343_tr8.4_sl60
sub-11050	CONTROL	48	M	1.0	1.0	1.0	1.0	1.0	1.0	1.0	1.0	1.0	1.0	35343.0	ghost	35343_tr8.4_sl60
sub-11052	CONTROL	26	M	1.0	1.0	1.0	1.0	1.0	1.0	1.0	1.0	1.0	1.0	35343.0	ghost	35343_tr8.4_sl60
sub-11059	CONTROL	22	F	1.0	1.0	1.0	1.0	1.0	1.0	1.0	1.0	1.0	1.0	35343.0	No_ghost	35343_tr8.4_sl60
sub-11061	CONTROL	45	F	1.0	1.0	1.0	1.0	1.0	1.0	1.0	1.0	1.0	1.0	35426.0	No_ghost	35426_tr9_sl60
sub-11062	CONTROL	49	F	1.0	1.0	1.0	1.0	1.0	1.0	1.0	1.0	1.0	1.0	35426.0	No_ghost	35426_tr9_sl60
sub-11066	CONTROL	37	M	1.0	1.0	1.0	1.0	1.0	1.0	1.0	1.0	1.0	1.0	35426.0	No_ghost	35426_tr9_sl60
sub-11067	CONTROL	23	F	1.0	1.0	1.0	1.0	1.0	1.0	1.0	1.0	1.0	1.0	35426.0	No_ghost	35426_tr9_sl60
sub-11068	CONTROL	39	M	1.0	1.0	1.0	1.0	1.0	1.0	1.0	1.0	1.0	1.0	35426.0	No_ghost	35426_tr9_sl60
sub-11077	CONTROL	22	F	1.0	1.0	1.0	1.0	1.0	1.0	1.0	1.0	1.0	1.0	35426.0	No_ghost	35426_tr9_sl60
sub-11082	CONTROL	25	F	1.0		1.0	1.0	1.0				1.0		35426.0	No_ghost	35426_tr9_sl60
sub-11088	CONTROL	21	F	1.0	1.0	1.0	1.0	1.0	1.0	1.0	1.0	1.0	1.0	35426.0	No_ghost	35426_tr9_sl60
sub-11090	CONTROL	24	M	1.0	1.0	1.0	1.0	1.0	1.0	1.0	1.0	1.0	1.0	35426.0	No_ghost	35426_tr9_sl60
sub-11097	CONTROL	43	M	1.0	1.0	1.0	1.0	1.0	1.0	1.0	1.0	1.0	1.0	35426.0	No_ghost	35426_tr9_sl60
sub-11098	CONTROL	39	M	1.0	1.0	1.0	1.0	1.0	1.0	1.0	1.0	1.0	1.0	35426.0	ghost	35426_tr9_sl60
sub-11104	CONTROL	21	M	1.0	1.0	1.0	1.0	1.0	1.0	1.0	1.0	1.0	1.0	35426.0	No_ghost	35426_tr9_sl60
sub-11105	CONTROL	27	F	1.0	1.0	1.0	1.0	1.0	1.0	1.0	1.0	1.0	1.0	35426.0	No_ghost	35426_tr9_sl60
sub-11106	CONTROL	27	M	1.0	1.0	1.0	1.0	1.0	1.0	1.0	1.0	1.0	1.0	35426.0	No_ghost	35426_tr9_sl60
sub-11108	CONTROL	21	F	1.0	1.0	1.0	1.0	1.0	1.0	1.0	1.0	1.0	1.0	35426.0	No_ghost	35426_tr9_sl60
sub-11112	CONTROL	29	M	1.0	1.0	1.0	1.0	1.0	1.0	1.0	1.0	1.0	1.0	35426.0	No_ghost	35426_tr9_sl60
sub-11122	CONTROL	40	F	1.0	1.0	1.0	1.0	1.0	1.0	1.0	1.0	1.0	1.0	35426.0	No_ghost	35426_tr9_sl60
sub-11128	CONTROL	28	F	1.0	1.0	1.0	1.0	1.0	1.0	1.0	1.0	1.0	1.0	35426.0	No_ghost	35426_tr9_sl60
sub-11131	CONTROL	38	F	1.0	1.0	1.0	1.0	1.0	1.0	1.0	1.0	1.0	1.0	35426.0	No_ghost	35426_tr9_sl60
sub-11142	CONTROL	24	M	1.0	1.0	1.0	1.0	1.0	1.0	1.0	1.0	1.0	1.0	35426.0	No_ghost	35426_tr9_sl60
sub-11143	CONTROL	28	M	1.0	1.0	1.0	1.0	1.0	1.0	1.0	1.0	1.0	1.0	35426.0	ghost	35426_tr9_sl60
sub-11149	CONTROL	32	M	1.0	1.0	1.0	1.0	1.0	1.0	1.0	1.0	1.0	1.0	35426.0	ghost	35426_tr9_sl60
sub-11156	CONTROL	25	F	1.0	1.0	1.0	1.0	1.0	1.0	1.0	1.0	1.0	1.0	35426.0	No_ghost	35426_tr9_sl60
sub-50004	SCHZ	37	M	1.0	1.0	1.0	1.0	1.0	1.0	1.0	1.0	1.0	1.0	35343.0	ghost	35343_tr8.4_sl60
sub-50005	SCHZ	40	M	1.0	1.0	1.0			1.0	1.0	1.0	1.0	1.0	35343.0	ghost	35343_tr7_sl50
sub-50006	SCHZ	44	F	1.0	1.0	1.0			1.0	1.0	1.0	1.0	1.0	35343.0	No_ghost	35343_tr8.4_sl60
sub-50007	SCHZ	47	F	1.0	1.0	1.0			1.0	1.0	1.0	1.0	1.0	35343.0	No_ghost	35343_tr8.4_sl60
sub-50008	SCHZ	48	M	1.0	1.0	1.0			1.0	1.0	1.0	1.0	1.0	35343.0	ghost	35343_tr8.4_sl60
sub-50010	SCHZ	41	M	1.0	1.0	1.0			1.0	1.0	1.0	1.0	1.0	35343.0	No_ghost	35343_tr8.4_sl60
sub-50013	SCHZ	30	M	1.0	1.0	1.0	1.0	1.0	1.0	1.0	1.0	1.0	1.0	35343.0	No_ghost	35343_tr8.4_sl60
sub-50014	SCHZ	22	M	1.0	1.0	1.0	1.0	1.0	1.0	1.0	1.0	1.0	1.0	35343.0	No_ghost	35343_tr8.4_sl60
sub-50015	SCHZ	23	M	1.0	1.0	1.0	1.0	1.0	1.0	1.0	1.0	1.0	1.0	35343.0	No_ghost	35343_tr8.4_sl60
sub-50016	SCHZ	49	M	1.0	1.0	1.0	1.0	1.0	1.0	1.0	1.0	1.0	1.0	35343.0	No_ghost	35343_tr8.4_sl60
sub-50020	SCHZ	25	M	1.0	1.0	1.0	1.0	1.0	1.0	1.0	1.0	1.0	1.0	35343.0	ghost	35343_tr8.4_sl60
sub-50021	SCHZ	41	F	1.0	1.0	1.0	1.0	1.0	1.0	1.0	1.0	1.0	1.0	35343.0	No_ghost	35343_tr8.4_sl60
sub-50022	SCHZ	33	M	1.0	1.0	1.0	1.0	1.0	1.0	1.0	1.0	1.0	1.0	35343.0	ghost	35343_tr8.4_sl60
sub-50023	SCHZ	49	F	1.0	1.0	1.0	1.0	1.0	1.0	1.0	1.0	1.0	1.0	35343.0	No_ghost	35343_tr8.4_sl60
sub-50025	SCHZ	48	M	1.0	1.0	1.0	1.0	1.0	1.0	1.0	1.0	1.0	1.0	35343.0	No_ghost	35343_tr8.4_sl60
sub-50027	SCHZ	30	F	1.0	1.0	1.0	1.0	1.0	1.0	1.0	1.0	1.0	1.0	35343.0	ghost	35343_tr8.4_sl60
sub-50032	SCHZ	28	M		1.0	1.0	1.0	1.0	1.0	1.0	1.0	1.0	1.0	35343.0	ghost	35343_tr8.4_sl60
sub-50033	SCHZ	43	M	1.0	1.0	1.0	1.0	1.0	1.0	1.0	1.0	1.0	1.0	35343.0	ghost	35343_tr8.4_sl60
sub-50034	SCHZ	43	M	1.0	1.0	1.0	1.0	1.0	1.0	1.0	1.0	1.0	1.0	35343.0	ghost	35343_tr8.4_sl60
sub-50035	SCHZ	29	F	1.0	1.0	1.0	1.0	1.0	1.0	1.0	1.0	1.0	1.0	35343.0	No_ghost	35343_tr8.4_sl60
sub-50036	SCHZ	32	M	1.0	1.0	1.0	1.0	1.0	1.0	1.0	1.0	1.0	1.0	35343.0	ghost	35343_tr8.4_sl60
sub-50038	SCHZ	26	F	1.0	1.0	1.0	1.0	1.0	1.0	1.0	1.0	1.0	1.0	35343.0	ghost	35343_tr8.4_sl60
sub-50043	SCHZ	40	M	1.0	1.0	1.0	1.0	1.0	1.0	1.0	1.0	1.0	1.0	35343.0	ghost	35343_tr8.4_sl60
sub-50047	SCHZ	44	M	1.0	1.0	1.0	1.0	1.0	1.0	1.0	1.0	1.0	1.0	35426.0	No_ghost	35426_tr9_sl60
sub-50048	SCHZ	43	M	1.0	1.0	1.0	1.0	1.0	1.0	1.0	1.0	1.0	1.0	35426.0	No_ghost	35426_tr9_sl60
sub-50049	SCHZ	37	F	1.0	1.0	1.0	1.0	1.0	1.0	1.0	1.0	1.0	1.0	35426.0	ghost	35426_tr9_sl60
sub-50050	SCHZ	23	M	1.0	1.0	1.0	1.0	1.0	1.0	1.0	1.0	1.0	1.0	35426.0	No_ghost	35426_tr9_sl60
sub-50051	SCHZ	37	M	1.0	1.0	1.0	1.0	1.0	1.0	1.0	1.0	1.0	1.0	35426.0	ghost	35426_tr9_sl60
sub-50052	SCHZ	45	M	1.0	1.0	1.0	1.0	1.0	1.0	1.0	1.0	1.0	1.0	35426.0	No_ghost	35426_tr9_sl60
sub-50053	SCHZ	47	M	1.0	1.0	1.0	1.0	1.0	1.0	1.0	1.0	1.0	1.0	35426.0	ghost	35426_tr9_sl60
sub-50054	SCHZ	23	M	1.0	1.0	1.0	1.0	1.0	1.0	1.0	1.0	1.0	1.0	35426.0	ghost	35426_tr9_sl60
sub-50055	SCHZ	23	M	1.0	1.0	1.0	1.0	1.0	1.0	1.0	1.0	1.0	1.0	35426.0	ghost	35426_tr9_sl60
sub-50056	SCHZ	49	F	1.0	1.0	1.0	1.0	1.0	1.0	1.0	1.0	1.0	1.0	35426.0	No_ghost	35426_tr9_sl60
sub-50058	SCHZ	38	F	1.0	1.0	1.0	1.0	1.0	1.0	1.0	1.0	1.0	1.0	35426.0	No_ghost	35426_tr9_sl60
sub-50059	SCHZ	39	M	1.0	1.0	1.0	1.0	1.0	1.0	1.0	1.0	1.0	1.0	35426.0	No_ghost	35426_tr9_sl60
sub-50060	SCHZ	41	M	1.0	1.0	1.0	1.0	1.0	1.0	1.0	1.0	1.0	1.0	35426.0	ghost	35426_tr9_sl60
sub-50061	SCHZ	48	M	1.0	1.0	1.0	1.0	1.0	1.0	1.0	1.0	1.0	1.0	35426.0	No_ghost	35426_tr9_sl60
sub-50064	SCHZ	31	F	1.0	1.0	1.0	1.0	1.0	1.0	1.0	1.0	1.0	1.0	35426.0	No_ghost	35426_tr9_sl60
sub-50066	SCHZ	33	M	1.0	1.0	1.0	1.0	1.0	1.0	1.0	1.0	1.0	1.0	35426.0	No_ghost	35426_tr9_sl60
sub-50067	SCHZ	25	M	1.0	1.0	1.0	1.0	1.0	1.0	1.0	1.0	1.0	1.0	35426.0	No_ghost	35426_tr9_sl60
sub-50069	SCHZ	23	M	1.0	1.0	1.0	1.0	1.0	1.0	1.0	1.0	1.0	1.0	35426.0	No_ghost	35426_tr9_sl60
sub-50075	SCHZ	33	M	1.0	1.0	1.0	1.0	1.0	1.0	1.0	1.0	1.0	1.0	35426.0	No_ghost	35426_tr9_sl60
sub-50076	SCHZ	42	M	1.0	1.0	1.0	1.0	1.0	1.0	1.0	1.0	1.0	1.0	35426.0	No_ghost	35426_tr9_sl60
sub-50077	SCHZ	29	M	1.0	1.0	1.0	1.0	1.0	1.0	1.0	1.0	1.0	1.0	35426.0	No_ghost	35426_tr9_sl60
sub-50080	SCHZ	29	M	1.0	1.0	1.0	1.0	1.0	1.0	1.0	1.0	1.0	1.0	35426.0	No_ghost	35426_tr9_sl60
sub-50081	SCHZ	32	M	1.0	1.0	1.0	1.0	1.0	1.0	1.0	1.0	1.0	1.0	35426.0	No_ghost	35426_tr9_sl60
sub-50083	SCHZ	40	M	1.0	1.0	1.0	1.0	1.0	1.0	1.0	1.0	1.0	1.0	35426.0	No_ghost	35426_tr9_sl60
sub-50085	SCHZ	25	M	1.0	1.0	1.0	1.0	1.0	1.0	1.0	1.0	1.0	1.0	35343.0	ghost	35343_tr8.4_sl60
