scz_id	ctrl_id	protocol	gender	scz_age	ctrl_age	diff
sub-50014	sub-10329	35343_tr8.4_sl60	M	22	22	0
sub-50016	sub-10377	35343_tr8.4_sl60	M	49	49	0
sub-50056	sub-11062	35426_tr9_sl60	F	49	49	0
sub-50023	sub-10388	35343_tr8.4_sl60	F	49	50	1
sub-50050	sub-11090	35426_tr9_sl60	M	23	24	1
sub-50069	sub-11142	35426_tr9_sl60	M	23	24	1
sub-50015	sub-10530	35343_tr8.4_sl60	M	23	23	0
sub-50054	sub-11104	35426_tr9_sl60	M	23	21	2
sub-50055	sub-11106	35426_tr9_sl60	M	23	27	4
sub-50061	sub-11097	35426_tr9_sl60	M	48	43	5
sub-50025	sub-11050	35343_tr8.4_sl60	M	48	48	0
sub-50008	sub-10855	35343_tr8.4_sl60	M	48	47	1
sub-50007	sub-10524	35343_tr8.4_sl60	F	47	46	1
sub-50053	sub-11068	35426_tr9_sl60	M	47	39	8
sub-50085	sub-10345	35343_tr8.4_sl60	M	25	25	0
sub-50020	sub-10438	35343_tr8.4_sl60	M	25	25	0
sub-50067	sub-11143	35426_tr9_sl60	M	25	28	3
sub-50038	sub-10440	35343_tr8.4_sl60	F	26	26	0
sub-50052	sub-11098	35426_tr9_sl60	M	45	39	6
sub-50047	sub-11066	35426_tr9_sl60	M	44	37	7
sub-50006	sub-10912	35343_tr8.4_sl60	F	44	44	0
sub-50032	sub-10624	35343_tr8.4_sl60	M	28	28	0
sub-50048	sub-11149	35426_tr9_sl60	M	43	32	11
sub-50034	sub-10871	35343_tr8.4_sl60	M	43	41	2
sub-50033	sub-10460	35343_tr8.4_sl60	M	43	40	3
sub-50080	sub-11112	35426_tr9_sl60	M	29	29	0
sub-50035	sub-10325	35343_tr8.4_sl60	F	29	29	0
sub-50027	sub-10471	35343_tr8.4_sl60	F	30	30	0
sub-50013	sub-10487	35343_tr8.4_sl60	M	30	31	1
sub-50021	sub-10762	35343_tr8.4_sl60	F	41	41	0
sub-50010	sub-11030	35343_tr8.4_sl60	M	41	40	1
sub-50064	sub-11128	35426_tr9_sl60	F	31	28	3
sub-50043	sub-11044	35343_tr8.4_sl60	M	40	40	0
sub-50005	sub-10193	35343_tr7_sl50	M	40	40	0
sub-50036	sub-10340	35343_tr8.4_sl60	M	32	32	0
sub-50022	sub-10321	35343_tr8.4_sl60	M	33	34	1
sub-50058	sub-11131	35426_tr9_sl60	F	38	38	0
sub-50049	sub-11122	35426_tr9_sl60	F	37	40	3
sub-50004	sub-10448	35343_tr8.4_sl60	M	37	37	0
