scz_id	scz_age	ctrl_id	ctrl_age	gender	diff
sub-50014	22	sub-10235	22	M	0
sub-50050	23	sub-10530	23	M	0
sub-50069	23	sub-10575	23	M	0
sub-50054	23	sub-10746	23	M	0
sub-50015	23	sub-10877	23	M	0
sub-50055	23	sub-10882	23	M	0
sub-50023	49	sub-11062	49	F	0
sub-50029	49	sub-10388	50	F	1
sub-50016	49	sub-10189	49	M	0
sub-50056	49	sub-10524	46	F	3
sub-50008	48	sub-10290	48	M	0
sub-50061	48	sub-11050	48	M	0
sub-50025	48	sub-10292	49	M	1
sub-50085	25	sub-10345	25	M	0
sub-50067	25	sub-10438	25	M	0
sub-50020	25	sub-10455	25	M	0
sub-50007	47	sub-10339	45	F	2
sub-50053	47	sub-10855	47	M	0
sub-50038	26	sub-10440	26	F	0
sub-50052	45	sub-10274	43	M	2
sub-50032	28	sub-10249	28	M	0
sub-50047	44	sub-11097	43	M	1
sub-50006	44	sub-10912	44	F	0
sub-50035	29	sub-10325	29	F	0
sub-50077	29	sub-10316	29	M	0
sub-50080	29	sub-11112	29	M	0
sub-50048	43	sub-10871	41	M	2
sub-50034	43	sub-10193	40	M	3
sub-50033	43	sub-10460	40	M	3
sub-50027	30	sub-10159	30	F	0
sub-50013	30	sub-10487	31	M	1
sub-50076	42	sub-11030	40	M	2
sub-50064	31	sub-10227	31	F	0
sub-50060	41	sub-11044	40	M	1
sub-50010	41	sub-10697	39	M	2
sub-50021	41	sub-10271	41	F	0
sub-50081	32	sub-10340	32	M	0
sub-50036	32	sub-10704	32	M	0
sub-50043	40	sub-11068	39	M	1
sub-50083	40	sub-11098	39	M	1
sub-50005	40	sub-10269	38	M	2
sub-50022	33	sub-10321	34	M	1
sub-50066	33	sub-10975	32	M	1
sub-50075	33	sub-11149	32	M	1
sub-50059	39	sub-10779	38	M	1
sub-50058	38	sub-11131	38	F	0
sub-50051	37	sub-10448	37	M	0
sub-50049	37	sub-10934	37	F	0
sub-50004	37	sub-11066	37	M	0
