participant_id	diagnosis	pair_id	n_volumes	mean_abs_rms	mean_rel_rms	max_rel_rms	pct_outlier_slices	fail_mean	fail_max	fail_outlier	exclude	exclude_final
sub-10193	CONTROL		65	1.8646	0.6948	3.5537	1.2615	False	True	False	True	True
sub-10321	CONTROL		65	0.4162	0.1886	0.5303	0.2821	False	False	False	False	False
sub-10325	CONTROL		65	1.7641	0.3269	0.7061	0.2308	False	False	False	False	False
sub-10329	CONTROL		65	0.6549	0.2294	0.5725	0.1795	False	False	False	False	False
sub-10340	CONTROL		65	0.6089	0.2129	0.4841	0.1795	False	False	False	False	False
sub-10345	CONTROL		65	1.4378	0.1693	0.4608	0.0000	False	False	False	False	False
sub-10377	CONTROL		65	1.2004	0.1798	0.4738	0.1282	False	False	False	False	False
sub-10388	CONTROL		65	1.2917	0.2698	0.5530	0.2564	False	False	False	False	False
sub-10438	CONTROL		65	1.0528	0.4809	2.1106	1.2821	False	False	False	False	False
sub-10440	CONTROL		65	0.8622	0.3274	1.1503	0.3846	False	False	False	False	False
sub-10448	CONTROL		65	0.5635	0.2071	0.6021	0.1795	False	False	False	False	False
sub-10460	CONTROL		65	1.3458	0.3524	1.2303	1.1795	False	False	False	False	False
sub-10471	CONTROL		65	1.8646	0.2178	0.5601	0.1538	False	False	False	False	False
sub-10487	CONTROL		65	0.6347	0.2608	0.7236	0.1538	False	False	False	False	False
sub-10524	CONTROL		65	1.4023	0.2389	0.5282	0.1282	False	False	False	False	False
sub-10530	CONTROL		65	0.9415	0.1882	0.5778	1.2308	False	False	False	False	False
sub-10624	CONTROL		65	0.9385	0.2946	0.6066	0.1795	False	False	False	False	False
sub-10762	CONTROL		65	0.5471	0.2325	0.4638	0.2564	False	False	False	False	False
sub-10855	CONTROL		65	1.2201	0.3042	0.9655	2.3846	False	False	False	False	True
sub-10871	CONTROL		65	0.4187	0.1906	0.4988	0.2564	False	False	False	False	False
sub-10912	CONTROL		65	0.5089	0.1643	0.4709	0.1795	False	False	False	False	False
sub-11030	CONTROL		65	0.9176	0.2546	1.1833	0.6667	False	False	False	False	False
sub-11044	CONTROL		65	0.4849	0.1443	0.3865	0.3590	False	False	False	False	False
sub-11050	CONTROL		65	0.9287	0.2478	0.6493	0.2051	False	False	False	False	False
sub-11062	CONTROL		65	2.8654	0.8169	3.0180	2.3333	False	True	False	True	True
sub-11066	CONTROL		65	0.2341	0.1671	0.5093	0.3590	False	False	False	False	False
sub-11068	CONTROL		65	0.3138	0.1281	0.3032	0.2564	False	False	False	False	False
sub-11090	CONTROL		65	0.3725	0.1436	0.3524	0.1795	False	False	False	False	False
sub-11097	CONTROL		65	0.4715	0.1666	0.4057	0.4615	False	False	False	False	False
sub-11098	CONTROL		65	1.1118	0.2455	1.2174	0.3077	False	False	False	False	False
sub-11104	CONTROL		65	0.2824	0.1717	0.8182	0.6923	False	False	False	False	False
sub-11106	CONTROL		65	0.9903	0.1973	0.5994	0.7949	False	False	False	False	False
sub-11112	CONTROL		65	0.1929	0.1548	0.5103	0.2308	False	False	False	False	False
sub-11122	CONTROL		65	0.2328	0.1255	0.5071	0.1282	False	False	False	False	False
sub-11128	CONTROL		65	0.5097	0.2019	0.6504	0.2821	False	False	False	False	False
sub-11131	CONTROL		65	0.2562	0.1564	0.5071	0.5128	False	False	False	False	False
sub-11142	CONTROL		65	0.1280	0.1178	0.3363	0.2821	False	False	False	False	False
sub-11143	CONTROL		65	0.5767	0.1599	0.6634	0.2308	False	False	False	False	False
sub-11149	CONTROL		65	0.3793	0.1455	0.4743	0.2821	False	False	False	False	False
sub-50004	SCHZ		65	0.4399	0.2388	0.6755	0.1538	False	False	False	False	False
sub-50005	SCHZ		65	0.3893	0.2882	0.7345	0.6462	False	False	False	False	True
sub-50006	SCHZ		65	1.4238	0.4128	1.0337	0.6923	False	False	False	False	False
sub-50007	SCHZ		65	0.5019	0.1933	0.3979	0.1282	False	False	False	False	False
sub-50008	SCHZ		65	1.2322	0.3174	1.2894	0.2821	False	False	False	False	False
sub-50010	SCHZ		65	0.5632	0.2604	0.6719	0.2308	False	False	False	False	False
sub-50013	SCHZ		65	0.6031	0.2116	0.4946	0.0256	False	False	False	False	False
sub-50014	SCHZ		65	0.3870	0.1406	0.3082	0.1795	False	False	False	False	False
sub-50015	SCHZ		65	0.7923	0.2070	0.4176	0.1795	False	False	False	False	False
sub-50016	SCHZ		65	1.5640	0.5494	2.7817	1.3590	False	False	False	False	False
sub-50020	SCHZ		65	0.8986	0.2345	0.6030	0.2308	False	False	False	False	False
sub-50021	SCHZ		65	0.3552	0.1391	0.3703	0.0513	False	False	False	False	False
sub-50022	SCHZ		65	4.0173	0.9364	5.7945	3.8205	False	True	False	True	True
sub-50023	SCHZ		65	0.3636	0.2017	0.5380	0.1026	False	False	False	False	False
sub-50025	SCHZ		65	0.4006	0.2250	0.5814	0.2821	False	False	False	False	False
sub-50027	SCHZ		65	0.4476	0.1817	0.5148	0.3077	False	False	False	False	False
sub-50032	SCHZ		65	0.7145	0.5854	1.3323	1.0513	False	False	False	False	False
sub-50033	SCHZ		65	0.5475	0.1707	0.6895	0.6923	False	False	False	False	False
sub-50034	SCHZ		65	0.5135	0.1607	0.4318	0.0513	False	False	False	False	False
sub-50035	SCHZ		65	0.3780	0.1787	0.4258	0.6410	False	False	False	False	False
sub-50036	SCHZ		65	0.3825	0.1500	0.4410	0.1282	False	False	False	False	False
sub-50038	SCHZ		65	1.2258	0.3714	0.9587	0.4359	False	False	False	False	False
sub-50043	SCHZ		65	0.8529	0.3163	1.1776	0.5385	False	False	False	False	False
sub-50047	SCHZ		65	0.2813	0.2022	0.6125	0.1282	False	False	False	False	False
sub-50048	SCHZ		65	0.1546	0.1568	0.4232	0.3077	False	False	False	False	False
sub-50049	SCHZ		65	0.9372	0.2606	1.7324	1.4359	False	False	False	False	False
sub-50050	SCHZ		65	0.2242	0.1349	0.3140	0.0769	False	False	False	False	False
sub-50052	SCHZ		65	0.4289	0.1545	0.6182	0.3590	False	False	False	False	False
sub-50053	SCHZ		65	0.4335	0.1578	0.5534	0.1795	False	False	False	False	False
sub-50054	SCHZ		65	0.4660	0.1641	0.3714	0.1538	False	False	False	False	False
sub-50055	SCHZ		65	0.2877	0.1786	0.4300	0.3333	False	False	False	False	False
sub-50056	SCHZ		65	0.7133	0.2116	0.6048	0.1538	False	False	False	False	False
sub-50058	SCHZ		65	2.8506	0.6466	9.0365	0.7692	False	True	False	True	True
sub-50061	SCHZ		65	0.3799	0.3094	0.8856	0.0769	False	False	False	False	False
sub-50064	SCHZ		65	0.3607	0.1487	0.4686	0.4615	False	False	False	False	False
sub-50067	SCHZ		65	0.5394	0.3246	1.1948	0.6667	False	False	False	False	False
sub-50069	SCHZ		65	0.2544	0.1549	0.5972	0.7692	False	False	False	False	False
sub-50080	SCHZ		65	0.3823	0.2121	1.4787	0.7436	False	False	False	False	False
sub-50085	SCHZ		65	0.7220	0.3413	2.9580	1.4872	False	False	False	False	False
