participant_id	pct_LR	mean_MD	mean_FA_wm	diagnosis
sub-10321	17.2359	0.0009	0.4578	CONTROL
sub-10325	19.6871	0.0010	0.4510	CONTROL
sub-10329	19.1235	0.0010	0.4490	CONTROL
sub-10340	14.6623	0.0010	0.4396	CONTROL
sub-10345	18.3134	0.0010	0.4684	CONTROL
sub-10377	21.4764	0.0010	0.4570	CONTROL
sub-10388	22.1057	0.0011	0.4447	CONTROL
sub-10438	18.1928	0.0010	0.4410	CONTROL
sub-10440	17.1548	0.0010	0.4489	CONTROL
sub-10448	24.0310	0.0009	0.4414	CONTROL
sub-10460	17.0556	0.0009	0.4502	CONTROL
sub-10471	21.8957	0.0012	0.4430	CONTROL
sub-10487	27.0604	0.0010	0.4377	CONTROL
sub-10524	19.9686	0.0011	0.4567	CONTROL
sub-10530	21.9941	0.0009	0.4462	CONTROL
sub-10624	17.1718	0.0010	0.4544	CONTROL
sub-10762	19.3809	0.0011	0.4425	CONTROL
sub-10855	46.3922	0.0011	0.4477	CONTROL
sub-10871	17.4902	0.0010	0.4489	CONTROL
sub-10912	24.2120	0.0011	0.4311	CONTROL
sub-11030	14.6002	0.0010	0.4495	CONTROL
sub-11044	19.2713	0.0011	0.4553	CONTROL
sub-11050	16.2559	0.0011	0.4506	CONTROL
sub-11066	17.0216	0.0010	0.4383	CONTROL
sub-11068	16.3656	0.0010	0.4412	CONTROL
sub-11090	16.8865	0.0011	0.4464	CONTROL
sub-11097	17.2280	0.0011	0.4396	CONTROL
sub-11098	21.2091	0.0010	0.4439	CONTROL
sub-11104	18.1393	0.0010	0.4432	CONTROL
sub-11106	16.9824	0.0010	0.4422	CONTROL
sub-11112	20.3926	0.0012	0.4438	CONTROL
sub-11122	19.6268	0.0011	0.4429	CONTROL
sub-11128	18.8063	0.0010	0.4491	CONTROL
sub-11131	17.3265	0.0010	0.4447	CONTROL
sub-11142	19.0638	0.0010	0.4540	CONTROL
sub-11143	14.7311	0.0009	0.4384	CONTROL
sub-11149	17.3929	0.0011	0.4485	CONTROL
sub-50004	24.8269	0.0010	0.4445	SCHZ
sub-50005	14.8814	0.0009	0.4540	SCHZ
sub-50006	16.3657	0.0009	0.4333	SCHZ
sub-50007	19.6990	0.0010	0.4569	SCHZ
sub-50008	21.0377	0.0011	0.4295	SCHZ
sub-50010	20.9243	0.0011	0.4471	SCHZ
sub-50013	18.1951	0.0010	0.4636	SCHZ
sub-50014	13.9748	0.0009	0.4556	SCHZ
sub-50015	19.4249	0.0010	0.4515	SCHZ
sub-50016	17.2546	0.0010	0.4538	SCHZ
sub-50020	21.4702	0.0011	0.4465	SCHZ
sub-50021	17.7460	0.0010	0.4399	SCHZ
sub-50023	19.7186	0.0011	0.4453	SCHZ
sub-50025	21.7450	0.0011	0.4353	SCHZ
sub-50027	26.0183	0.0009	0.4480	SCHZ
sub-50032	20.6229	0.0009	0.4509	SCHZ
sub-50033	19.8121	0.0011	0.4455	SCHZ
sub-50034	18.7433	0.0010	0.4405	SCHZ
sub-50035	16.7460	0.0010	0.4532	SCHZ
sub-50036	19.0047	0.0010	0.4430	SCHZ
sub-50038	20.3655	0.0010	0.4517	SCHZ
sub-50043	19.7104	0.0011	0.4485	SCHZ
sub-50047	22.3781	0.0012	0.4334	SCHZ
sub-50048	15.8483	0.0011	0.4321	SCHZ
sub-50049	14.3659	0.0010	0.4400	SCHZ
sub-50050	20.0167	0.0010	0.4413	SCHZ
sub-50052	19.3011	0.0012	0.4343	SCHZ
sub-50053	19.7995	0.0011	0.4373	SCHZ
sub-50054	20.6444	0.0010	0.4489	SCHZ
sub-50055	18.2341	0.0010	0.4565	SCHZ
sub-50056	17.5175	0.0010	0.4387	SCHZ
sub-50061	23.4472	0.0011	0.4281	SCHZ
sub-50064	20.0894	0.0010	0.4320	SCHZ
sub-50067	17.0121	0.0010	0.4384	SCHZ
sub-50069	16.5001	0.0010	0.4289	SCHZ
sub-50080	19.3095	0.0010	0.4369	SCHZ
sub-50085	18.7119	0.0009	0.4423	SCHZ
