n	control_mean	scz_mean	beta_dx	ci_lo	ci_hi	p	cohen_d	label	region	p_fdr
72	0.544598	0.521654	-0.021897	-0.033718	-0.010076	0.000441	-0.912614	30	Posterior thalamic radiation (include optic radiation) R	0.015269
72	0.439331	0.416177	-0.022992	-0.035751	-0.010233	0.000611	-0.868919	23	Retrolenticular part of internal capsule L	0.015269
72	0.522417	0.500926	-0.021051	-0.033784	-0.008318	0.001552	-0.809588	31	Posterior thalamic radiation (include optic radiation) L	0.025858
72	0.405665	0.385158	-0.022902	-0.037483	-0.008320	0.002552	-0.651845	37	Cingulum (cingulate gyrus) L	0.025892
72	0.483634	0.466632	-0.015563	-0.025488	-0.005639	0.002589	-0.804511	32	Sagittal stratum (include inferior longitidinal fasciculus and inferior fronto-occipital fasciculus) R	0.025892
72	0.443027	0.422976	-0.019418	-0.032273	-0.006564	0.003625	-0.738979	24	Anterior corona radiata R	0.029737
72	0.570468	0.551536	-0.017967	-0.030053	-0.005881	0.004163	-0.754273	21	Posterior limb of internal capsule L	0.029737
72	0.564716	0.545849	-0.018206	-0.031501	-0.004912	0.008010	-0.653179	29	Posterior corona radiata L	0.048593
72	0.437535	0.421684	-0.016708	-0.029056	-0.004361	0.008747	-0.620752	46	Inferior fronto-occipital fasciculus R	0.048593
72	0.513973	0.500104	-0.017529	-0.031129	-0.003929	0.012312	-0.444374	14	Superior cerebellar peduncle R	0.061560
72	0.544113	0.527248	-0.015363	-0.027850	-0.002876	0.016663	-0.618082	9	Corticospinal tract L	0.073460
72	0.432058	0.418579	-0.014444	-0.026292	-0.002596	0.017630	-0.549993	45	Superior fronto-occipital fasciculus (could be a part of anterior internal capsule) L	0.073460
72	0.501354	0.489497	-0.012041	-0.022118	-0.001964	0.019917	-0.565928	40	Fornix (cres) / Stria terminalis (can not be resolved with current resolution) R	0.076603
72	0.533277	0.522538	-0.011426	-0.021188	-0.001665	0.022468	-0.528858	18	Anterior limb of internal capsule R	0.080244
72	0.540428	0.526887	-0.015543	-0.029570	-0.001516	0.030397	-0.436070	13	Inferior cerebellar peduncle L	0.099681
72	0.581733	0.568960	-0.011828	-0.022602	-0.001055	0.031898	-0.564534	22	Retrolenticular part of internal capsule R	0.099681
72	0.388658	0.376384	-0.014169	-0.027322	-0.001016	0.035154	-0.435153	38	Cingulum (hippocampus) R	0.103394
72	0.536635	0.526590	-0.010647	-0.020654	-0.000641	0.037382	-0.481358	17	Cerebral peduncle L	0.103469
72	0.476634	0.465643	-0.011156	-0.021750	-0.000562	0.039318	-0.497392	39	Cingulum (hippocampus) L	0.103469
72	0.632284	0.621278	-0.012508	-0.024870	-0.000145	0.047439	-0.419761	16	Cerebral peduncle R	0.118597
72	0.454034	0.443213	-0.010529	-0.021168	0.000110	0.052344	-0.469724	28	Posterior corona radiata R	0.124629
72	0.462410	0.452074	-0.009240	-0.018734	0.000254	0.056271	-0.521092	41	Fornix (cres) / Stria terminalis (can not be resolved with current resolution) L	0.127721
72	0.557980	0.548130	-0.009825	-0.020024	0.000374	0.058752	-0.443068	3	Pontine crossing tract (a part of MCP)	0.127721
72	0.539815	0.526924	-0.011260	-0.023760	0.001240	0.076690	-0.483882	10	Medial lemniscus R	0.159770
72	0.445240	0.431579	-0.013658	-0.029064	0.001748	0.081349	-0.421148	44	Superior fronto-occipital fasciculus (could be a part of anterior internal capsule) R	0.162699
72	0.632399	0.622648	-0.010089	-0.021868	0.001691	0.091992	-0.400764	15	Superior cerebellar peduncle L	0.176450
72	0.467284	0.458800	-0.008444	-0.018404	0.001517	0.095283	-0.394514	27	Superior corona radiata L	0.176450
72	0.442399	0.429938	-0.014345	-0.031515	0.002824	0.100041	-0.341632	47	Inferior fronto-occipital fasciculus L	0.178645
72	0.451976	0.437911	-0.013550	-0.030456	0.003356	0.114353	-0.398889	12	Inferior cerebellar peduncle R	0.197160
72	0.430999	0.421925	-0.010519	-0.027835	0.006797	0.229556	-0.247372	48	Uncinate fasciculus R	0.374640
72	0.459169	0.450278	-0.008186	-0.021741	0.005369	0.232277	-0.310559	43	Superior longitudinal fasciculus L	0.374640
72	0.719753	0.714677	-0.005885	-0.016183	0.004413	0.258095	-0.235144	5	Body of corpus callosum	0.403273
72	0.453718	0.447093	-0.005458	-0.015275	0.004359	0.271091	-0.322574	42	Superior longitudinal fasciculus R	0.410744
72	0.460727	0.450773	-0.009582	-0.027986	0.008822	0.302458	-0.263036	11	Medial lemniscus L	0.442006
72	0.365783	0.361284	-0.004384	-0.012927	0.004159	0.309404	-0.253818	33	Sagittal stratum (include inferior longitidinal fasciculus and inferior fronto-occipital fasciculus) L	0.442006
72	0.465640	0.457996	-0.008028	-0.024343	0.008286	0.329524	-0.221362	7	Fornix (column and body of fornix)	0.449544
72	0.476436	0.471033	-0.006490	-0.019764	0.006785	0.332662	-0.195109	35	External capsule L	0.449544
72	0.383831	0.379842	-0.004188	-0.014084	0.005708	0.401277	-0.192021	34	External capsule R	0.523409
72	0.518052	0.512480	-0.005861	-0.019918	0.008196	0.408259	-0.188653	36	Cingulum (cingulate gyrus) R	0.523409
72	0.597640	0.600378	0.003388	-0.005026	0.011802	0.424388	0.156670	20	Posterior limb of internal capsule R	0.530485
72	0.624025	0.619581	-0.004767	-0.016945	0.007410	0.437291	-0.169185	4	Genu of corpus callosum	0.533281
72	0.379162	0.366916	-0.010594	-0.041194	0.020007	0.491945	-0.184639	6	Splenium of corpus callosum	0.585649
72	0.601595	0.598853	-0.002766	-0.011543	0.006012	0.531553	-0.151308	19	Anterior limb of internal capsule L	0.618084
72	0.404727	0.400300	-0.004560	-0.019877	0.010757	0.554367	-0.133850	49	Uncinate fasciculus L	0.629963
72	0.474192	0.470671	-0.002987	-0.018263	0.012290	0.697609	-0.107352	8	Corticospinal tract R	0.774713
72	0.462298	0.460446	-0.001663	-0.010704	0.007378	0.714650	-0.096136	25	Anterior corona radiata L	0.774713
72	0.313570	0.316478	0.002699	-0.012741	0.018140	0.728230	0.089229	50	Tapetum R	0.774713
72	0.461907	0.462715	0.001641	-0.009119	0.012400	0.761788	0.036050	1	Unclassified	0.793530
72	0.415744	0.415997	0.001165	-0.013393	0.015723	0.873570	0.008399	2	Middle cerebellar peduncle	0.891398
72	0.466948	0.466959	0.000315	-0.009660	0.010290	0.949913	0.000520	26	Superior corona radiata R	0.949913
